"id","name_jp","digimon_type","attribute","field_code","frame","option_type","attack_a_name","attack_b_name","attack_c_name","special_ability","printed_bonus","image_file","source_set","details_source","verification_level","notes"
"St-1","アグモン","Reptile","Vaccine","NSp","Blue","","Baby Flame","Surudoi Tsume","Guard (A->0)","","","St-1.jpg","Starter_Ver._1","https://wikimon.net/St-1","individual_page_reviewed",""
"St-2","グレイモン","Dinosaur","Vaccine","NSp","Blue","","Mega Flame","Great Antler","Guard (A->0)","","","St-2.jpg","Starter_Ver._1","https://wikimon.net/St-2","individual_page_reviewed",""
"St-3","ピヨモン","Chick","Vaccine","WG","Blue","","Magical Fire","Katai Kuchibashi","Guard (A->0)","sky","","St-3.jpg","Starter_Ver._1","https://wikimon.net/St-3","individual_page_reviewed",""
"St-4","バードラモン","Giant Bird","Vaccine","WG","Blue","","","","","","","St-4.jpg","Starter_Ver._1","","set_list_only",""
"St-5","ガブモン","Reptile","Data","NSp","Blue","","Petit Fire","Tsuno Kougeki","Guard (A->0)","","","St-5.jpg","Starter_Ver._1","https://wikimon.net/St-5","individual_page_reviewed",""
"St-6","ガルルモン","Beast","Data","NSo","Blue","","","","","","","St-6.jpg","Starter_Ver._1","","set_list_only",""
"St-7","テントモン","Insect","Vaccine","NSp","Blue","","Petit Thunder","Katai Tsume","Guard (A->0)","sky","","St-7.jpg","Starter_Ver._1","https://wikimon.net/St-7","individual_page_reviewed",""
"St-8","カブテリモン","Insect","Vaccine","NSp","Blue","","","","","","","St-8.jpg","Starter_Ver._1","","set_list_only",""
"St-9","パルモン","Plant","Data","NSp","Blue","","Poison Ivy","Kusai Nioi","Guard (A->0)","","","St-9.jpg","Starter_Ver._1","https://wikimon.net/St-9","individual_page_reviewed",""
"St-10","トゲモン","Plant","Data","WG","Blue","","","","","","","St-10.jpg","Starter_Ver._1","","set_list_only",""
"St-11","ゴマモン","Marine Animal","Vaccine","DS","Blue","","Marching Fishes","Surudoi Tsume","Guard (A->0)","underwater","","St-11.jpg","Starter_Ver._1","https://wikimon.net/St-11","individual_page_reviewed",""
"St-12","イッカクモン","Marine Animal","Vaccine","DS","Blue","","","","","","","St-12.jpg","Starter_Ver._1","","set_list_only",""
"St-13","パタモン","Mammal","Data","WG","Blue","","Air Shot","Tai Atari","Guard (A->0)","sky","","St-13.jpg","Starter_Ver._1","https://wikimon.net/St-13","individual_page_reviewed",""
"St-14","エンジェモン","Angel","Vaccine","WG","Blue","","","","","","","St-14.jpg","Starter_Ver._1","","set_list_only",""
"St-15","ナニモン","Mutant","Virus","UK","Blue","","","","","","","St-15.jpg","Starter_Ver._1","","set_list_only",""
"St-16","ユニモン","Beast","Vaccine","WG","Blue","","","","","","","St-16.jpg","Starter_Ver._1","","set_list_only",""
"St-17","ケンタルモン","Beast Man","Data","NSp","Blue","","","","","","","St-17.jpg","Starter_Ver._1","","set_list_only",""
"St-18","クネモン","Larva","Virus","NSp","Blue","","Electric Thread","Ijiwaru","Guard (A->0)","underground","","St-18.jpg","Starter_Ver._1","https://wikimon.net/St-18","individual_page_reviewed",""
"St-19","ドクグモン","Insect","Virus","UK","Blue","","","","","","","St-19.jpg","Starter_Ver._1","","set_list_only",""
"St-20","ムシャモン","Demon Man","Virus","UK","Blue","","","","","","","St-20.jpg","Starter_Ver._1","","set_list_only",""
"St-21","キメラモン","Composite","Data","UK","Blue","","","","","","","St-21.jpg","Starter_Ver._1","","set_list_only",""
"St-22","ゴーレモン","Rock","Virus","UK","Blue","","","","","","","St-22.jpg","Starter_Ver._1","","set_list_only",""
"St-23","ゴツモン","Ore","Data","NSp","Blue","","Angry Rock","Abarenbou","Guard (A->0)","underground","","St-23.jpg","Starter_Ver._1","https://wikimon.net/St-23","individual_page_reviewed",""
"St-24","オタマモン","Amphibian","Virus","NSp","Blue","","Lullaby Bubble","Tai Atari","Guard (A->0)","underwater","","St-24.jpg","Starter_Ver._1","https://wikimon.net/St-24","individual_page_reviewed",""
"St-25","トータモン","Reptile","Vaccine","NSp","Blue","","","","","","","St-25.jpg","Starter_Ver._1","","set_list_only",""
"St-26","スターモン","Mutant","Data","NSp","Blue","","","","","","","St-26.jpg","Starter_Ver._1","","set_list_only",""
"St-27","ゲコモン","Amphibian","Virus","NSp","Blue","","","","","","","St-27.jpg","Starter_Ver._1","","set_list_only",""
"St-28","アトラーカブテリモン","Insect","Vaccine","NSp","Blue","","","","","","","St-28.jpg","Starter_Ver._1","","set_list_only",""
"St-29","トリケラモン","Ceratopsian","Data","NSp","Blue","","","","","","","St-29.jpg","Starter_Ver._1","","set_list_only",""
"St-30","ピッコロモン","Fairy","Data","NSp","Blue","","","","","","","St-30.jpg","Starter_Ver._1","","set_list_only",""
"St-31","オオクワモン","Insect","Virus","NSp","Blue","","","","","","","St-31.jpg","Starter_Ver._1","","set_list_only",""
"St-32","スカルグレイモン","Skeleton","Virus","NSo","Blue","","","","","","","St-32.jpg","Starter_Ver._1","","set_list_only",""
"St-33","ヘラクルカブテリモン","Insect","Vaccine","NSp","Blue","","","","","","","St-33.jpg","Starter_Ver._1","","set_list_only",""
"St-34","サーベルレオモン","Ancient Beast","Data","NSp","Blue","","","","","","","St-34.jpg","Starter_Ver._1","","set_list_only",""
"St-35","ルカモン","Aquatic Mammal","Vaccine","DS","Blue","","","","","","","St-35.jpg","Starter_Ver._1","","set_list_only",""
"St-36","シーラモン","Ancient Fish","Data","DS","Blue","","","","","","","St-36.jpg","Starter_Ver._1","","set_list_only",""
"St-37","オクタモン","Mollusk","Virus","DS","Blue","","","","","","","St-37.jpg","Starter_Ver._1","","set_list_only",""
"St-38","ズドモン","Marine Animal","Vaccine","DS","Blue","","","","","","","St-38.jpg","Starter_Ver._1","","set_list_only",""
"St-39","マリンデビモン","Aquatic Beast Man","Virus","DS","Blue","","","","","","","St-39.jpg","Starter_Ver._1","","set_list_only",""
"St-40","プクモン","Mutant","Virus","DS","Blue","","","","","","","St-40.jpg","Starter_Ver._1","","set_list_only",""
"St-41","キャンドモン","Flame","Data","NSo","Blue","","","","","","","St-41.jpg","Starter_Ver._1","","set_list_only",""
"St-42","ピコデビモン","Small Devil","Virus","NSo","Blue","","","","","","","St-42.jpg","Starter_Ver._1","","set_list_only",""
"St-43","ハヌモン","Beast Man","Vaccine","NSo","Blue","","","","","","","St-43.jpg","Starter_Ver._1","","set_list_only",""
"St-44","ウィザーモン","Demon Man","Data","NSo","Blue","","","","","","","St-44.jpg","Starter_Ver._1","","set_list_only",""
"St-45","バケモン","Ghost","Virus","NSo","Blue","","","","","","","St-45.jpg","Starter_Ver._1","","set_list_only",""
"St-46","マンモン","Ancient Beast","Vaccine","NSo","Blue","","","","","","","St-46.jpg","Starter_Ver._1","","set_list_only",""
"St-47","ワーガルルモン","Beast Man","Data","NSo","Blue","","","","","","","St-47.jpg","Starter_Ver._1","","set_list_only",""
"St-48","デスメラモン","Flame","Data","NSo","Blue","","","","","","","St-48.jpg","Starter_Ver._1","","set_list_only",""
"St-49","攻撃プラグインＡ","","","","Blue","Item","","","","","30","St-49.jpg","Starter_Ver._1","https://wikimon.net/St-49","individual_page_reviewed","Battle attack selection documented; printed bonus not yet interpreted by engine"
"St-50","防御プラグインＣ","","","","Blue","Item","","","","","50","St-50.jpg","Starter_Ver._1","https://wikimon.net/St-50","individual_page_reviewed","Battle attack selection documented; printed bonus not yet interpreted by engine"
"St-51","高速プラグインＢ","","","","Blue","Item","","","","","30","St-51.jpg","Starter_Ver._1","https://wikimon.net/St-51","individual_page_reviewed","Battle attack selection documented; printed bonus not yet interpreted by engine"
"St-52","負けたときにはお前も道連れ！","","","","Blue","Program","","","","","","St-52.jpg","Starter_Ver._1","","set_list_only",""
"St-53","ちょっとだけメタル化","","","","Blue","Program","","","","","","St-53.jpg","Starter_Ver._1","","set_list_only",""
"St-54","危機からの反撃！","","","","Blue","Program","","","","","","St-54.jpg","Starter_Ver._1","","set_list_only",""
"St-55","レベルＩＶに変身！","","","","Blue","Program","","","","","","St-55.jpg","Starter_Ver._1","","set_list_only",""
"St-56","めざせ最強進化！","","","","Blue","Program","","","","","","St-56.jpg","Starter_Ver._1","","set_list_only",""
"St-57","あの頃はよかった","","","","Blue","Program","","","","","","St-57.jpg","Starter_Ver._1","","set_list_only",""
"St-58","誇りをかけた戦い！","","","","Blue","Program","","","","","","St-58.jpg","Starter_Ver._1","","set_list_only",""
"St-59","しょうりつ４０％！","","","","Blue","Program","","","","","","St-59.jpg","Starter_Ver._1","","set_list_only",""
"St-60","しょうりつ６０％！","","","","Blue","Program","","","","","","St-60.jpg","Starter_Ver._1","","set_list_only",""
"St-61","ウォーグレイモン","Dragon Man","Vaccine","ME","Blue","","","","","","","St-61.jpg","Starter_Ver._2","","set_list_only",""
"St-62","ゴツモン","Ore","Data","NSp","Blue","","Angry Rock","Abarenbou","Guard (A->0)","underground","","St-62.jpg","Starter_Ver._2","https://wikimon.net/St-62","individual_page_reviewed",""
"St-63","クネモン","Larva","Virus","NSp","Blue","","Electric Thread","Ijiwaru","Guard (A->0)","underground","","St-63.jpg","Starter_Ver._2","https://wikimon.net/St-63","individual_page_reviewed",""
"St-64","ハグルモン","Machine","Virus","ME","Blue","","Darkness Gear","Makikomi","Guard (A->0)","","","St-64.jpg","Starter_Ver._2","https://wikimon.net/St-64","individual_page_reviewed","English set table labels Mutant; Japanese table and individual card page say Machine"
"St-65","コクワモン","Machine","Data","ME","Blue","","Scissor Arms Mini","Stun Shock","Guard (A->0)","sky","","St-65.jpg","Starter_Ver._2","https://wikimon.net/St-65","individual_page_reviewed",""
"St-66","カブテリモン","Insect","Vaccine","NSp","Blue","","","","","","","St-66.jpg","Starter_Ver._2","","set_list_only",""
"St-67","エンジェモン","Angel","Vaccine","WG","Blue","","","","","","","St-67.jpg","Starter_Ver._2","","set_list_only",""
"St-68","ルカモン","Aquatic Mammal","Vaccine","DS","Blue","","","","","","","St-68.jpg","Starter_Ver._2","","set_list_only",""
"St-69","ズドモン","Marine Animal","Vaccine","DS","Blue","","","","","","","St-69.jpg","Starter_Ver._2","","set_list_only",""
"St-70","ウィザーモン","Demon Man","Data","NSo","Blue","","","","","","","St-70.jpg","Starter_Ver._2","","set_list_only",""
"St-71","デスメラモン","Flame","Data","NSo","Blue","","","","","","","St-71.jpg","Starter_Ver._2","","set_list_only",""
"St-72","レオモン","Beast Man","Vaccine","NSp","Blue","","","","","","","St-72.jpg","Starter_Ver._2","","set_list_only",""
"St-73","クワガーモン","Insect","Virus","NSp","Blue","","","","","","","St-73.jpg","Starter_Ver._2","","set_list_only",""
"St-74","ユニモン","Mythical Beast","Vaccine","WG","Blue","","","","","","","St-74.jpg","Starter_Ver._2","","set_list_only",""
"St-75","ケンタルモン","Beast","Data","NSp","Blue","","","","","","","St-75.jpg","Starter_Ver._2","","set_list_only",""
"St-76","デビモン","Fallen Angel","Virus","NSo","Blue","","","","","","","St-76.jpg","Starter_Ver._2","","set_list_only",""
"St-77","エンジェウーモン","Angel","Vaccine","WG","Blue","","","","","","","St-77.jpg","Starter_Ver._2","","set_list_only",""
"St-78","アンドロモン","Cyborg","Vaccine","ME","Blue","","","","","","","St-78.jpg","Starter_Ver._2","","set_list_only",""
"St-79","オオクワモン","Insect","Virus","NSp","Blue","","","","","","","St-79.jpg","Starter_Ver._2","","set_list_only",""
"St-80","アイスデビモン","Fallen Angel","Virus","NSo","Blue","","","","","","","St-80.jpg","Starter_Ver._2","","set_list_only",""
"St-81","タンクモン","Cyborg","Data","ME","Blue","","","","","","","St-81.jpg","Starter_Ver._2","","set_list_only",""
"St-82","ハンギョモン","Aquatic Beast Man","Data","DS","Blue","","","","","","","St-82.jpg","Starter_Ver._2","","set_list_only",""
"St-83","ワルもんざえモン","Puppet","Virus","ME","Blue","","","","","","","St-83.jpg","Starter_Ver._2","","set_list_only",""
"St-84","リボルモン","Mutant","Vaccine","ME","Blue","","","","","","","St-84.jpg","Starter_Ver._2","","set_list_only",""
"St-85","バードラモン","Giant Bird","Vaccine","WG","Blue","","","","","","","St-85.jpg","Starter_Ver._2","","set_list_only",""
"St-86","メカノリモン","Machine","Virus","ME","Blue","","","","","","","St-86.jpg","Starter_Ver._2","","set_list_only",""
"St-87","プレシオモン","Plesiosaur","Data","DS","Blue","","","","","","","St-87.jpg","Starter_Ver._2","","set_list_only",""
"St-88","ガルルモン","Beast","Data","NSo","Blue","","","","","","","St-88.jpg","Starter_Ver._2","","set_list_only",""
"St-89","フーガモン","Oni","Virus","NSo","Blue","","","","","","","St-89.jpg","Starter_Ver._2","","set_list_only",""
"St-90","Ｊモジャモン","Rare Animal","Data","NSp","Blue","","","","","","","St-90.jpg","Starter_Ver._2","","set_list_only",""
"St-91","グレイモン","Dinosaur","Vaccine","ME","Blue","","","","","","","St-91.jpg","Starter_Ver._2","","set_list_only",""
"St-92","ホエーモン完全体","Aquatic","Vaccine","DS","Blue","","","","","","","St-92.jpg","Starter_Ver._2","","set_list_only",""
"St-93","ビッグマメモン","Mutant","Data","ME","Blue","","","","","","","St-93.jpg","Starter_Ver._2","","set_list_only",""
"St-94","メガドラモン","Cyborg","Virus","ME","Blue","","","","","","","St-94.jpg","Starter_Ver._2","","set_list_only",""
"St-95","パンジャモン","Beast Man","Vaccine","NSp","Blue","","","","","","","St-95.jpg","Starter_Ver._2","","set_list_only",""
"St-96","ブルーメラモン","Flame","Data","NSo","Blue","","","","","","","St-96.jpg","Starter_Ver._2","","set_list_only",""
"St-97","ヴェノムヴァンデモン","Demon Beast","Virus","NSo","Blue","","","","","","","St-97.jpg","Starter_Ver._2","","set_list_only",""
"St-98","アトラーカブテリモン","Insect","Vaccine","NSp","Blue","","","","","","","St-98.jpg","Starter_Ver._2","","set_list_only",""
"St-99","トレーマニュアル","","","","Blue","Item","","","","","","St-99.jpg","Starter_Ver._2","","set_list_only",""
"St-100","超進化プラグインＳ","","","","Blue","Item","","","","","","St-100.jpg","Starter_Ver._2","","set_list_only",""
"St-101","しょうりつ４０％！","","","","Blue","Program","","","","","","St-101.jpg","Starter_Ver._2","","set_list_only",""
"St-102","しょうりつ６０％！","","","","Blue","Program","","","","","","St-102.jpg","Starter_Ver._2","","set_list_only",""
"St-103","なんだかとってもせつないの","","","","Blue","Program","","","","","","St-103.jpg","Starter_Ver._2","","set_list_only",""
"St-104","リターンマッチだ！","","","","Blue","Program","","","","","","St-104.jpg","Starter_Ver._2","","set_list_only",""
"St-105","カウンターアタック！","","","","Blue","Program","","","","","","St-105.jpg","Starter_Ver._2","","set_list_only",""
"St-106","問答無用のチカラ技！","","","","Blue","Program","","","","","","St-106.jpg","Starter_Ver._2","","set_list_only",""
"St-107","好敵手はワクチン！","","","","Blue","Program","","","","","","St-107.jpg","Starter_Ver._2","","set_list_only",""
"St-108","飛べるってスバラしい！","","","","Blue","Program","","","","","","St-108.jpg","Starter_Ver._2","","set_list_only",""
"St-109","このまま負けてなるものか！","","","","Blue","Program","","","","","","St-109.jpg","Starter_Ver._2","","set_list_only",""
"St-110","水底に引きずり込め！！","","","","Blue","Program","","","","","","St-110.jpg","Starter_Ver._2","","set_list_only",""
"St-111","パルモン","Plant","Data","WG","Blue","","Poison Ivy","Kusai Nioi","Guard (A->0)","","","St-111.jpg","Starter_Ver._2","https://wikimon.net/St-111","individual_page_reviewed",""
