set,id,name,kind,level,battle_type,attack_a,attack_b,attack_c,source
"Starter Ver. 1","St-1","Agumon","Digimon","III","A","360","230","160","https://wikimon.net/Starter_Ver._1"
"Starter Ver. 1","St-2","Greymon","Digimon","IV","A","440","340","200","https://wikimon.net/Starter_Ver._1"
"Starter Ver. 1","St-3","Piyomon","Digimon","III","A","360","240","130","https://wikimon.net/Starter_Ver._1"
"Starter Ver. 1","St-4","Birdramon","Digimon","IV","B","410","360","200","https://wikimon.net/Starter_Ver._1"
"Starter Ver. 1","St-5","Gabumon","Digimon","III","B","350","240","150","https://wikimon.net/Starter_Ver._1"
"Starter Ver. 1","St-6","Garurumon","Digimon","IV","B","410","330","180","https://wikimon.net/Starter_Ver._1"
"Starter Ver. 1","St-7","Tentomon","Digimon","III","A","320","250","120","https://wikimon.net/Starter_Ver._1"
"Starter Ver. 1","St-8","Kabuterimon","Digimon","IV","A","420","340","190","https://wikimon.net/Starter_Ver._1"
"Starter Ver. 1","St-9","Palmon","Digimon","III","A","350","250","150","https://wikimon.net/Starter_Ver._1"
"Starter Ver. 1","St-10","Togemon","Digimon","IV","C","380","300","180","https://wikimon.net/Starter_Ver._1"
"Starter Ver. 1","St-11","Gomamon","Digimon","III","A","360","250","110","https://wikimon.net/Starter_Ver._1"
"Starter Ver. 1","St-12","Ikkakumon","Digimon","IV","A","430","360","150","https://wikimon.net/Starter_Ver._1"
"Starter Ver. 1","St-13","Patamon","Digimon","III","B","360","250","150","https://wikimon.net/Starter_Ver._1"
"Starter Ver. 1","St-14","Angemon","Digimon","IV","A","420","360","170","https://wikimon.net/Starter_Ver._1"
"Starter Ver. 1","St-15","Nanimon","Digimon","IV","C","280","220","120","https://wikimon.net/Starter_Ver._1"
"Starter Ver. 1","St-16","Unimon","Digimon","IV","A","400","320","190","https://wikimon.net/Starter_Ver._1"
"Starter Ver. 1","St-17","Centalmon","Digimon","IV","B","410","360","200","https://wikimon.net/Starter_Ver._1"
"Starter Ver. 1","St-18","Kunemon","Digimon","III","C","340","240","120","https://wikimon.net/Starter_Ver._1"
"Starter Ver. 1","St-19","Dokugumon","Digimon","IV","C","420","350","170","https://wikimon.net/Starter_Ver._1"
"Starter Ver. 1","St-20","Musyamon","Digimon","IV","C","470","350","170","https://wikimon.net/Starter_Ver._1"
"Starter Ver. 1","St-21","Chimairamon","Digimon","Perfect","B","480","520","220","https://wikimon.net/Starter_Ver._1"
"Starter Ver. 1","St-22","Golemon","Digimon","IV","C","410","300","200","https://wikimon.net/Starter_Ver._1"
"Starter Ver. 1","St-23","Gottsumon","Digimon","III","B","330","250","100","https://wikimon.net/Starter_Ver._1"
"Starter Ver. 1","St-24","Otamamon","Digimon","III","C","300","240","120","https://wikimon.net/Starter_Ver._1"
"Starter Ver. 1","St-25","Tortamon","Digimon","IV","A","430","360","150","https://wikimon.net/Starter_Ver._1"
"Starter Ver. 1","St-26","Starmon","Digimon","IV","B","460","350","200","https://wikimon.net/Starter_Ver._1"
"Starter Ver. 1","St-27","Gekomon","Digimon","III","C","450","390","200","https://wikimon.net/Starter_Ver._1"
"Starter Ver. 1","St-28","Atlur Kabuterimon","Digimon","Perfect","A","450","340","250","https://wikimon.net/Starter_Ver._1"
"Starter Ver. 1","St-29","Triceramon","Digimon","Perfect","B","470","430","250","https://wikimon.net/Starter_Ver._1"
"Starter Ver. 1","St-30","Piccolomon","Digimon","Perfect","B","470","420","220","https://wikimon.net/Starter_Ver._1"
"Starter Ver. 1","St-31","Okuwamon","Digimon","Perfect","C","470","380","220","https://wikimon.net/Starter_Ver._1"
"Starter Ver. 1","St-32","Skull Greymon","Digimon","Perfect","C","500","430","150","https://wikimon.net/Starter_Ver._1"
"Starter Ver. 1","St-33","Herakle Kabuterimon","Digimon","Ultimate","A","520","470","290","https://wikimon.net/Starter_Ver._1"
"Starter Ver. 1","St-34","Saber Leomon","Digimon","Ultimate","B","550","500","310","https://wikimon.net/Starter_Ver._1"
"Starter Ver. 1","St-35","Rukamon","Digimon","IV","A","400","380","180","https://wikimon.net/Starter_Ver._1"
"Starter Ver. 1","St-36","Coelamon","Digimon","IV","B","410","350","190","https://wikimon.net/Starter_Ver._1"
"Starter Ver. 1","St-37","Octmon","Digimon","IV","C","450","390","180","https://wikimon.net/Starter_Ver._1"
"Starter Ver. 1","St-38","Zudomon","Digimon","Perfect","A","490","390","230","https://wikimon.net/Starter_Ver._1"
"Starter Ver. 1","St-39","Marin Devimon","Digimon","Perfect","C","470","450","220","https://wikimon.net/Starter_Ver._1"
"Starter Ver. 1","St-40","Pukumon","Digimon","Ultimate","C","520","480","250","https://wikimon.net/Starter_Ver._1"
"Starter Ver. 1","St-41","Candmon","Digimon","III","B","320","250","120","https://wikimon.net/Starter_Ver._1"
"Starter Ver. 1","St-42","Pico Devimon","Digimon","III","C","310","250","120","https://wikimon.net/Starter_Ver._1"
"Starter Ver. 1","St-43","Hanumon","Digimon","IV","A","400","370","170","https://wikimon.net/Starter_Ver._1"
"Starter Ver. 1","St-44","Wizarmon","Digimon","IV","B","480","360","200","https://wikimon.net/Starter_Ver._1"
"Starter Ver. 1","St-45","Bakemon","Digimon","IV","C","420","390","190","https://wikimon.net/Starter_Ver._1"
"Starter Ver. 1","St-46","Mammon","Digimon","Perfect","A","450","400","220","https://wikimon.net/Starter_Ver._1"
"Starter Ver. 1","St-47","Were Garurumon","Digimon","Perfect","A","450","400","250","https://wikimon.net/Starter_Ver._1"
"Starter Ver. 1","St-48","Death Meramon","Digimon","Perfect","B","480","420","230","https://wikimon.net/Starter_Ver._1"
"Starter Ver. 1","St-49","Offense Plug-In A","Option","","","","","","https://wikimon.net/Starter_Ver._1"
"Starter Ver. 1","St-50","Defense Plug-In C","Option","","","","","","https://wikimon.net/Starter_Ver._1"
"Starter Ver. 1","St-51","High Speed Plug-In B","Option","","","","","","https://wikimon.net/Starter_Ver._1"
"Starter Ver. 1","St-52","If I Lose I'm Taking You with Me!","Option","","","","","","https://wikimon.net/Starter_Ver._1"
"Starter Ver. 1","St-53","Just a Little Metal Enhancement","Option","","","","","","https://wikimon.net/Starter_Ver._1"
"Starter Ver. 1","St-54","A Counterattack from Crisis!","Option","","","","","","https://wikimon.net/Starter_Ver._1"
"Starter Ver. 1","St-55","Transform to Level IV!","Option","","","","","","https://wikimon.net/Starter_Ver._1"
"Starter Ver. 1","St-56","Aim for the Strongest Evolution!","Option","","","","","","https://wikimon.net/Starter_Ver._1"
"Starter Ver. 1","St-57","That Was a Good Time","Option","","","","","","https://wikimon.net/Starter_Ver._1"
"Starter Ver. 1","St-58","The Battle I Staked My Pride On!","Option","","","","","","https://wikimon.net/Starter_Ver._1"
"Starter Ver. 1","St-59","Winning Percentage: 40%!","Option","","","","","","https://wikimon.net/Starter_Ver._1"
"Starter Ver. 1","St-60","Winning Percentage: 60%!","Option","","","","","","https://wikimon.net/Starter_Ver._1"
"Starter Ver. 2","St-1","Agumon","Digimon","III","A","360","230","160","https://wikimon.net/Starter_Ver._2"
"Starter Ver. 2","St-3","Piyomon","Digimon","III","A","360","240","130","https://wikimon.net/Starter_Ver._2"
"Starter Ver. 2","St-5","Gabumon","Digimon","III","B","350","240","150","https://wikimon.net/Starter_Ver._2"
"Starter Ver. 2","St-7","Tentomon","Digimon","III","A","320","250","120","https://wikimon.net/Starter_Ver._2"
"Starter Ver. 2","St-11","Gomamon","Digimon","III","A","360","250","110","https://wikimon.net/Starter_Ver._2"
"Starter Ver. 2","St-13","Patamon","Digimon","III","B","360","250","150","https://wikimon.net/Starter_Ver._2"
"Starter Ver. 2","St-61","War Greymon","Digimon","Ultimate","A","570","500","320","https://wikimon.net/Starter_Ver._2"
"Starter Ver. 2","St-62","Gottsumon","Digimon","III","B","320","260","120","https://wikimon.net/Starter_Ver._2"
"Starter Ver. 2","St-63","Kunemon","Digimon","III","C","330","240","130","https://wikimon.net/Starter_Ver._2"
"Starter Ver. 2","St-64","Hagurumon","Digimon","III","C","360","240","130","https://wikimon.net/Starter_Ver._2"
"Starter Ver. 2","St-65","Kokuwamon","Digimon","III","B","350","260","150","https://wikimon.net/Starter_Ver._2"
"Starter Ver. 2","St-66","Kabuterimon","Digimon","IV","A","440","350","190","https://wikimon.net/Starter_Ver._2"
"Starter Ver. 2","St-67","Angemon","Digimon","IV","A","440","370","180","https://wikimon.net/Starter_Ver._2"
"Starter Ver. 2","St-68","Rukamon","Digimon","IV","A","440","380","180","https://wikimon.net/Starter_Ver._2"
"Starter Ver. 2","St-69","Zudomon","Digimon","Perfect","A","510","410","230","https://wikimon.net/Starter_Ver._2"
"Starter Ver. 2","St-70","Wizarmon","Digimon","IV","B","480","360","200","https://wikimon.net/Starter_Ver._2"
"Starter Ver. 2","St-71","Death Meramon","Digimon","Perfect","B","480","440","230","https://wikimon.net/Starter_Ver._2"
"Starter Ver. 2","St-72","Leomon","Digimon","IV","A","460","400","210","https://wikimon.net/Starter_Ver._2"
"Starter Ver. 2","St-73","Kuwagamon","Digimon","IV","C","430","380","170","https://wikimon.net/Starter_Ver._2"
"Starter Ver. 2","St-74","Unimon","Digimon","IV","A","430","330","220","https://wikimon.net/Starter_Ver._2"
"Starter Ver. 2","St-75","Centalmon","Digimon","IV","B","450","360","200","https://wikimon.net/Starter_Ver._2"
"Starter Ver. 2","St-76","Devimon","Digimon","IV","C","460","390","210","https://wikimon.net/Starter_Ver._2"
"Starter Ver. 2","St-77","Angewomon","Digimon","Perfect","A","480","420","250","https://wikimon.net/Starter_Ver._2"
"Starter Ver. 2","St-78","Andromon","Digimon","Perfect","A","490","530","190","https://wikimon.net/Starter_Ver._2"
"Starter Ver. 2","St-79","Okuwamon","Digimon","Perfect","C","490","400","220","https://wikimon.net/Starter_Ver._2"
"Starter Ver. 2","St-80","Ice Devimon","Digimon","IV","C","470","360","200","https://wikimon.net/Starter_Ver._2"
"Starter Ver. 2","St-81","Tankmon","Digimon","IV","B","450","340","240","https://wikimon.net/Starter_Ver._2"
"Starter Ver. 2","St-82","Hangyomon","Digimon","Perfect","B","490","450","250","https://wikimon.net/Starter_Ver._2"
"Starter Ver. 2","St-83","Waru Monzaemon","Digimon","Perfect","C","500","440","250","https://wikimon.net/Starter_Ver._2"
"Starter Ver. 2","St-84","Revolmon","Digimon","IV","A","400","310","190","https://wikimon.net/Starter_Ver._2"
"Starter Ver. 2","St-85","Birdramon","Digimon","IV","A","420","360","200","https://wikimon.net/Starter_Ver._2"
"Starter Ver. 2","St-86","Mechanorimon","Digimon","IV","C","460","320","250","https://wikimon.net/Starter_Ver._2"
"Starter Ver. 2","St-87","Plesiomon","Digimon","Ultimate","B","550","480","330","https://wikimon.net/Starter_Ver._2"
"Starter Ver. 2","St-88","Garurumon","Digimon","IV","A","420","360","180","https://wikimon.net/Starter_Ver._2"
"Starter Ver. 2","St-89","Fugamon","Digimon","IV","C","430","390","170","https://wikimon.net/Starter_Ver._2"
"Starter Ver. 2","St-90","J Mojyamon","Digimon","IV","B","400","320","190","https://wikimon.net/Starter_Ver._2"
"Starter Ver. 2","St-91","Greymon","Digimon","IV","A","450","360","210","https://wikimon.net/Starter_Ver._2"
"Starter Ver. 2","St-92","Whamon Perfect","Digimon","Perfect","A","480","390","280","https://wikimon.net/Starter_Ver._2"
"Starter Ver. 2","St-93","Big Mamemon","Digimon","Perfect","B","470","450","280","https://wikimon.net/Starter_Ver._2"
"Starter Ver. 2","St-94","Megadramon","Digimon","Perfect","C","490","420","210","https://wikimon.net/Starter_Ver._2"
"Starter Ver. 2","St-95","Panjyamon","Digimon","Perfect","A","480","420","250","https://wikimon.net/Starter_Ver._2"
"Starter Ver. 2","St-96","Blue Meramon","Digimon","Perfect","B","470","440","250","https://wikimon.net/Starter_Ver._2"
"Starter Ver. 2","St-97","Venom Vamdemon","Digimon","Ultimate","C","570","500","320","https://wikimon.net/Starter_Ver._2"
"Starter Ver. 2","St-98","Atlur Kabuterimon","Digimon","Perfect","A","480","380","250","https://wikimon.net/Starter_Ver._2"
"Starter Ver. 2","St-111","Palmon","Digimon","III","B","350","250","150","https://wikimon.net/Starter_Ver._2"
"Starter Ver. 2","St-49","Offense Plug-In A","Option","","","","","","https://wikimon.net/Starter_Ver._2"
"Starter Ver. 2","St-50","Defense Plug-In C","Option","","","","","","https://wikimon.net/Starter_Ver._2"
"Starter Ver. 2","St-51","High Speed Plug-In B","Option","","","","","","https://wikimon.net/Starter_Ver._2"
"Starter Ver. 2","St-99","Traimanual","Option","","","","","","https://wikimon.net/Starter_Ver._2"
"Starter Ver. 2","St-100","Super Evolution Plug-In S","Option","","","","","","https://wikimon.net/Starter_Ver._2"
"Starter Ver. 2","St-101","Winning Percentage: 40%!","Option","","","","","","https://wikimon.net/Starter_Ver._2"
"Starter Ver. 2","St-102","Winning Percentage: 60%!","Option","","","","","","https://wikimon.net/Starter_Ver._2"
"Starter Ver. 2","St-103","For Some Reason I'm Really Sad","Option","","","","","","https://wikimon.net/Starter_Ver._2"
"Starter Ver. 2","St-104","Return Match!","Option","","","","","","https://wikimon.net/Starter_Ver._2"
"Starter Ver. 2","St-105","Counter Attack!","Option","","","","","","https://wikimon.net/Starter_Ver._2"
"Starter Ver. 2","St-106","An Unquestionably Strong Attack!","Option","","","","","","https://wikimon.net/Starter_Ver._2"
"Starter Ver. 2","St-107","Vaccines Are Our Rivals!","Option","","","","","","https://wikimon.net/Starter_Ver._2"
"Starter Ver. 2","St-108","Flying Is Wonderful!","Option","","","","","","https://wikimon.net/Starter_Ver._2"
"Starter Ver. 2","St-109","I Can't Lose Like This!","Option","","","","","","https://wikimon.net/Starter_Ver._2"
"Starter Ver. 2","St-110","I'll Pull You Down to the Bottom of the Ocean!!","Option","","","","","","https://wikimon.net/Starter_Ver._2"
