"id","set","name_en","name_jp","kind","level","battle_type","attack_a","attack_b","attack_c","cancel_target","lost_iii","lost_iv","lost_perfect","lost_ultimate","evolution_requirements","effect_status","source","digimon_type","attribute","field_code","frame","option_type","attack_a_name","attack_b_name","attack_c_name","special_ability","printed_bonus","image_file","source_set","details_source","verification_level","notes"
"St-1","Starter Ver. 1","Agumon","アグモン","Digimon","III","A","360","230","160","A","10","10","10","10","","none","https://wikimon.net/St-1","Reptile","Vaccine","NSp","Blue","","Baby Flame","Surudoi Tsume","Guard (A->0)","","","St-1.jpg","Starter_Ver._1","https://wikimon.net/St-1","individual_page_reviewed",""
"St-2","Starter Ver. 1","Greymon","グレイモン","Digimon","IV","A","440","340","200","A","20","10","10","10","Agumon:OO","none","https://wikimon.net/St-2","Dinosaur","Vaccine","NSp","Blue","","Mega Flame","Great Antler","Guard (A->0)","","","St-2.jpg","Starter_Ver._1","https://wikimon.net/St-2","individual_page_reviewed",""
"St-3","Starter Ver. 1","Piyomon","ピヨモン","Digimon","III","A","360","240","130","A","10","10","10","10","","passive_only","https://wikimon.net/St-3","Chick","Vaccine","WG","Blue","","Magical Fire","Katai Kuchibashi","Guard (A->0)","sky","","St-3.jpg","Starter_Ver._1","https://wikimon.net/St-3","individual_page_reviewed",""
"St-4","Starter Ver. 1","Birdramon","バードラモン","Digimon","IV","B","410","360","200","","","","","","","unverified","https://wikimon.net/Starter_Ver._1","Giant Bird","Vaccine","WG","Blue","","","","","","","St-4.jpg","Starter_Ver._1","","set_list_only",""
"St-5","Starter Ver. 1","Gabumon","ガブモン","Digimon","III","B","350","240","150","A","10","10","10","10","","none","https://wikimon.net/St-5","Reptile","Data","NSp","Blue","","Petit Fire","Tsuno Kougeki","Guard (A->0)","","","St-5.jpg","Starter_Ver._1","https://wikimon.net/St-5","individual_page_reviewed",""
"St-6","Starter Ver. 1","Garurumon","ガルルモン","Digimon","IV","B","410","330","180","","","","","","","unverified","https://wikimon.net/Starter_Ver._1","Beast","Data","NSo","Blue","","","","","","","St-6.jpg","Starter_Ver._1","","set_list_only",""
"St-7","Starter Ver. 1","Tentomon","テントモン","Digimon","III","A","320","250","120","A","10","10","10","10","","passive_only","https://wikimon.net/St-7","Insect","Vaccine","NSp","Blue","","Petit Thunder","Katai Tsume","Guard (A->0)","sky","","St-7.jpg","Starter_Ver._1","https://wikimon.net/St-7","individual_page_reviewed",""
"St-8","Starter Ver. 1","Kabuterimon","カブテリモン","Digimon","IV","A","420","340","190","","","","","","","unverified","https://wikimon.net/Starter_Ver._1","Insect","Vaccine","NSp","Blue","","","","","","","St-8.jpg","Starter_Ver._1","","set_list_only",""
"St-9","Starter Ver. 1","Palmon","パルモン","Digimon","III","A","350","250","150","A","10","10","10","10","","none","https://wikimon.net/St-9","Plant","Data","NSp","Blue","","Poison Ivy","Kusai Nioi","Guard (A->0)","","","St-9.jpg","Starter_Ver._1","https://wikimon.net/St-9","individual_page_reviewed",""
"St-10","Starter Ver. 1","Togemon","トゲモン","Digimon","IV","C","380","300","180","","","","","","","unverified","https://wikimon.net/Starter_Ver._1","Plant","Data","WG","Blue","","","","","","","St-10.jpg","Starter_Ver._1","","set_list_only",""
"St-11","Starter Ver. 1","Gomamon","ゴマモン","Digimon","III","A","360","250","110","A","10","10","10","10","","passive_only","https://wikimon.net/St-11","Marine Animal","Vaccine","DS","Blue","","Marching Fishes","Surudoi Tsume","Guard (A->0)","underwater","","St-11.jpg","Starter_Ver._1","https://wikimon.net/St-11","individual_page_reviewed",""
"St-12","Starter Ver. 1","Ikkakumon","イッカクモン","Digimon","IV","A","430","360","150","","","","","","","unverified","https://wikimon.net/Starter_Ver._1","Marine Animal","Vaccine","DS","Blue","","","","","","","St-12.jpg","Starter_Ver._1","","set_list_only",""
"St-13","Starter Ver. 1","Patamon","パタモン","Digimon","III","B","360","250","150","A","10","10","10","10","","passive_only","https://wikimon.net/St-13","Mammal","Data","WG","Blue","","Air Shot","Tai Atari","Guard (A->0)","sky","","St-13.jpg","Starter_Ver._1","https://wikimon.net/St-13","individual_page_reviewed",""
"St-14","Starter Ver. 1","Angemon","エンジェモン","Digimon","IV","A","420","360","170","","","","","","","unverified","https://wikimon.net/Starter_Ver._1","Angel","Vaccine","WG","Blue","","","","","","","St-14.jpg","Starter_Ver._1","","set_list_only",""
"St-15","Starter Ver. 1","Nanimon","ナニモン","Digimon","IV","C","280","220","120","","","","","","","unverified","https://wikimon.net/Starter_Ver._1","Mutant","Virus","UK","Blue","","","","","","","St-15.jpg","Starter_Ver._1","","set_list_only",""
"St-16","Starter Ver. 1","Unimon","ユニモン","Digimon","IV","A","400","320","190","","","","","","","unverified","https://wikimon.net/Starter_Ver._1","Beast","Vaccine","WG","Blue","","","","","","","St-16.jpg","Starter_Ver._1","","set_list_only",""
"St-17","Starter Ver. 1","Centalmon","ケンタルモン","Digimon","IV","B","410","360","200","","","","","","","unverified","https://wikimon.net/Starter_Ver._1","Beast Man","Data","NSp","Blue","","","","","","","St-17.jpg","Starter_Ver._1","","set_list_only",""
"St-18","Starter Ver. 1","Kunemon","クネモン","Digimon","III","C","340","240","120","A","10","10","10","10","","passive_only","https://wikimon.net/St-18","Larva","Virus","NSp","Blue","","Electric Thread","Ijiwaru","Guard (A->0)","underground","","St-18.jpg","Starter_Ver._1","https://wikimon.net/St-18","individual_page_reviewed",""
"St-19","Starter Ver. 1","Dokugumon","ドクグモン","Digimon","IV","C","420","350","170","","","","","","","unverified","https://wikimon.net/Starter_Ver._1","Insect","Virus","UK","Blue","","","","","","","St-19.jpg","Starter_Ver._1","","set_list_only",""
"St-20","Starter Ver. 1","Musyamon","ムシャモン","Digimon","IV","C","470","350","170","","","","","","","unverified","https://wikimon.net/Starter_Ver._1","Demon Man","Virus","UK","Blue","","","","","","","St-20.jpg","Starter_Ver._1","","set_list_only",""
"St-21","Starter Ver. 1","Chimairamon","キメラモン","Digimon","Perfect","B","480","520","220","","","","","","","unverified","https://wikimon.net/Starter_Ver._1","Composite","Data","UK","Blue","","","","","","","St-21.jpg","Starter_Ver._1","","set_list_only",""
"St-22","Starter Ver. 1","Golemon","ゴーレモン","Digimon","IV","C","410","300","200","","","","","","","unverified","https://wikimon.net/Starter_Ver._1","Rock","Virus","UK","Blue","","","","","","","St-22.jpg","Starter_Ver._1","","set_list_only",""
"St-23","Starter Ver. 1","Gottsumon","ゴツモン","Digimon","III","B","330","250","100","A","10","10","10","10","","passive_only","https://wikimon.net/St-23","Ore","Data","NSp","Blue","","Angry Rock","Abarenbou","Guard (A->0)","underground","","St-23.jpg","Starter_Ver._1","https://wikimon.net/St-23","individual_page_reviewed",""
"St-24","Starter Ver. 1","Otamamon","オタマモン","Digimon","III","C","300","240","120","A","10","10","10","10","","passive_only","https://wikimon.net/St-24","Amphibian","Virus","NSp","Blue","","Lullaby Bubble","Tai Atari","Guard (A->0)","underwater","","St-24.jpg","Starter_Ver._1","https://wikimon.net/St-24","individual_page_reviewed",""
"St-25","Starter Ver. 1","Tortamon","トータモン","Digimon","IV","A","430","360","150","","","","","","","unverified","https://wikimon.net/Starter_Ver._1","Reptile","Vaccine","NSp","Blue","","","","","","","St-25.jpg","Starter_Ver._1","","set_list_only",""
"St-26","Starter Ver. 1","Starmon","スターモン","Digimon","IV","B","460","350","200","","","","","","","unverified","https://wikimon.net/Starter_Ver._1","Mutant","Data","NSp","Blue","","","","","","","St-26.jpg","Starter_Ver._1","","set_list_only",""
"St-27","Starter Ver. 1","Gekomon","ゲコモン","Digimon","III","C","450","390","200","","","","","","","unverified","https://wikimon.net/Starter_Ver._1","Amphibian","Virus","NSp","Blue","","","","","","","St-27.jpg","Starter_Ver._1","","set_list_only",""
"St-28","Starter Ver. 1","Atlur Kabuterimon","アトラーカブテリモン","Digimon","Perfect","A","450","340","250","","","","","","","unverified","https://wikimon.net/Starter_Ver._1","Insect","Vaccine","NSp","Blue","","","","","","","St-28.jpg","Starter_Ver._1","","set_list_only",""
"St-29","Starter Ver. 1","Triceramon","トリケラモン","Digimon","Perfect","B","470","430","250","","","","","","","unverified","https://wikimon.net/Starter_Ver._1","Ceratopsian","Data","NSp","Blue","","","","","","","St-29.jpg","Starter_Ver._1","","set_list_only",""
"St-30","Starter Ver. 1","Piccolomon","ピッコロモン","Digimon","Perfect","B","470","420","220","","","","","","","unverified","https://wikimon.net/Starter_Ver._1","Fairy","Data","NSp","Blue","","","","","","","St-30.jpg","Starter_Ver._1","","set_list_only",""
"St-31","Starter Ver. 1","Okuwamon","オオクワモン","Digimon","Perfect","C","470","380","220","","","","","","","unverified","https://wikimon.net/Starter_Ver._1","Insect","Virus","NSp","Blue","","","","","","","St-31.jpg","Starter_Ver._1","","set_list_only",""
"St-32","Starter Ver. 1","Skull Greymon","スカルグレイモン","Digimon","Perfect","C","500","430","150","","","","","","","unverified","https://wikimon.net/Starter_Ver._1","Skeleton","Virus","NSo","Blue","","","","","","","St-32.jpg","Starter_Ver._1","","set_list_only",""
"St-33","Starter Ver. 1","Herakle Kabuterimon","ヘラクルカブテリモン","Digimon","Ultimate","A","520","470","290","","","","","","","unverified","https://wikimon.net/Starter_Ver._1","Insect","Vaccine","NSp","Blue","","","","","","","St-33.jpg","Starter_Ver._1","","set_list_only",""
"St-34","Starter Ver. 1","Saber Leomon","サーベルレオモン","Digimon","Ultimate","B","550","500","310","","","","","","","unverified","https://wikimon.net/Starter_Ver._1","Ancient Beast","Data","NSp","Blue","","","","","","","St-34.jpg","Starter_Ver._1","","set_list_only",""
"St-35","Starter Ver. 1","Rukamon","ルカモン","Digimon","IV","A","400","380","180","","","","","","","unverified","https://wikimon.net/Starter_Ver._1","Aquatic Mammal","Vaccine","DS","Blue","","","","","","","St-35.jpg","Starter_Ver._1","","set_list_only",""
"St-36","Starter Ver. 1","Coelamon","シーラモン","Digimon","IV","B","410","350","190","","","","","","","unverified","https://wikimon.net/Starter_Ver._1","Ancient Fish","Data","DS","Blue","","","","","","","St-36.jpg","Starter_Ver._1","","set_list_only",""
"St-37","Starter Ver. 1","Octmon","オクタモン","Digimon","IV","C","450","390","180","","","","","","","unverified","https://wikimon.net/Starter_Ver._1","Mollusk","Virus","DS","Blue","","","","","","","St-37.jpg","Starter_Ver._1","","set_list_only",""
"St-38","Starter Ver. 1","Zudomon","ズドモン","Digimon","Perfect","A","490","390","230","","","","","","","unverified","https://wikimon.net/Starter_Ver._1","Marine Animal","Vaccine","DS","Blue","","","","","","","St-38.jpg","Starter_Ver._1","","set_list_only",""
"St-39","Starter Ver. 1","Marin Devimon","マリンデビモン","Digimon","Perfect","C","470","450","220","","","","","","","unverified","https://wikimon.net/Starter_Ver._1","Aquatic Beast Man","Virus","DS","Blue","","","","","","","St-39.jpg","Starter_Ver._1","","set_list_only",""
"St-40","Starter Ver. 1","Pukumon","プクモン","Digimon","Ultimate","C","520","480","250","","","","","","","unverified","https://wikimon.net/Starter_Ver._1","Mutant","Virus","DS","Blue","","","","","","","St-40.jpg","Starter_Ver._1","","set_list_only",""
"St-41","Starter Ver. 1","Candmon","キャンドモン","Digimon","III","B","320","250","120","","","","","","","unverified","https://wikimon.net/Starter_Ver._1","Flame","Data","NSo","Blue","","","","","","","St-41.jpg","Starter_Ver._1","","set_list_only",""
"St-42","Starter Ver. 1","Pico Devimon","ピコデビモン","Digimon","III","C","310","250","120","","","","","","","unverified","https://wikimon.net/Starter_Ver._1","Small Devil","Virus","NSo","Blue","","","","","","","St-42.jpg","Starter_Ver._1","","set_list_only",""
"St-43","Starter Ver. 1","Hanumon","ハヌモン","Digimon","IV","A","400","370","170","","","","","","","unverified","https://wikimon.net/Starter_Ver._1","Beast Man","Vaccine","NSo","Blue","","","","","","","St-43.jpg","Starter_Ver._1","","set_list_only",""
"St-44","Starter Ver. 1","Wizarmon","ウィザーモン","Digimon","IV","B","480","360","200","","","","","","","unverified","https://wikimon.net/Starter_Ver._1","Demon Man","Data","NSo","Blue","","","","","","","St-44.jpg","Starter_Ver._1","","set_list_only",""
"St-45","Starter Ver. 1","Bakemon","バケモン","Digimon","IV","C","420","390","190","","","","","","","unverified","https://wikimon.net/Starter_Ver._1","Ghost","Virus","NSo","Blue","","","","","","","St-45.jpg","Starter_Ver._1","","set_list_only",""
"St-46","Starter Ver. 1","Mammon","マンモン","Digimon","Perfect","A","450","400","220","","","","","","","unverified","https://wikimon.net/Starter_Ver._1","Ancient Beast","Vaccine","NSo","Blue","","","","","","","St-46.jpg","Starter_Ver._1","","set_list_only",""
"St-47","Starter Ver. 1","Were Garurumon","ワーガルルモン","Digimon","Perfect","A","450","400","250","","","","","","","unverified","https://wikimon.net/Starter_Ver._1","Beast Man","Data","NSo","Blue","","","","","","","St-47.jpg","Starter_Ver._1","","set_list_only",""
"St-48","Starter Ver. 1","Death Meramon","デスメラモン","Digimon","Perfect","B","480","420","230","","","","","","","unverified","https://wikimon.net/Starter_Ver._1","Flame","Data","NSo","Blue","","","","","","","St-48.jpg","Starter_Ver._1","","set_list_only",""
"St-49","Starter Ver. 1","Offense Plug-In A","攻撃プラグインＡ","Option","","","","","","","","","","","","implemented_override_a","https://wikimon.net/St-49","","","","Blue","Item","","","","","30","St-49.jpg","Starter_Ver._1","https://wikimon.net/St-49","individual_page_reviewed","Battle attack selection documented; printed bonus not yet interpreted by engine"
"St-50","Starter Ver. 1","Defense Plug-In C","防御プラグインＣ","Option","","","","","","","","","","","","implemented_override_c","https://wikimon.net/St-50","","","","Blue","Item","","","","","50","St-50.jpg","Starter_Ver._1","https://wikimon.net/St-50","individual_page_reviewed","Battle attack selection documented; printed bonus not yet interpreted by engine"
"St-51","Starter Ver. 1","High Speed Plug-In B","高速プラグインＢ","Option","","","","","","","","","","","","implemented_override_b","https://wikimon.net/St-51","","","","Blue","Item","","","","","30","St-51.jpg","Starter_Ver._1","https://wikimon.net/St-51","individual_page_reviewed","Battle attack selection documented; printed bonus not yet interpreted by engine"
"St-52","Starter Ver. 1","If I Lose I'm Taking You with Me!","負けたときにはお前も道連れ！","Option","","","","","","","","","","","","unverified","https://wikimon.net/Starter_Ver._1","","","","Blue","Program","","","","","","St-52.jpg","Starter_Ver._1","","set_list_only",""
"St-53","Starter Ver. 1","Just a Little Metal Enhancement","ちょっとだけメタル化","Option","","","","","","","","","","","","unverified","https://wikimon.net/Starter_Ver._1","","","","Blue","Program","","","","","","St-53.jpg","Starter_Ver._1","","set_list_only",""
"St-54","Starter Ver. 1","A Counterattack from Crisis!","危機からの反撃！","Option","","","","","","","","","","","","unverified","https://wikimon.net/Starter_Ver._1","","","","Blue","Program","","","","","","St-54.jpg","Starter_Ver._1","","set_list_only",""
"St-55","Starter Ver. 1","Transform to Level IV!","レベルＩＶに変身！","Option","","","","","","","","","","","","unverified","https://wikimon.net/Starter_Ver._1","","","","Blue","Program","","","","","","St-55.jpg","Starter_Ver._1","","set_list_only",""
"St-56","Starter Ver. 1","Aim for the Strongest Evolution!","めざせ最強進化！","Option","","","","","","","","","","","","unverified","https://wikimon.net/Starter_Ver._1","","","","Blue","Program","","","","","","St-56.jpg","Starter_Ver._1","","set_list_only",""
"St-57","Starter Ver. 1","That Was a Good Time","あの頃はよかった","Option","","","","","","","","","","","","unverified","https://wikimon.net/Starter_Ver._1","","","","Blue","Program","","","","","","St-57.jpg","Starter_Ver._1","","set_list_only",""
"St-58","Starter Ver. 1","The Battle I Staked My Pride On!","誇りをかけた戦い！","Option","","","","","","","","","","","","unverified","https://wikimon.net/Starter_Ver._1","","","","Blue","Program","","","","","","St-58.jpg","Starter_Ver._1","","set_list_only",""
"St-59","Starter Ver. 1","Winning Percentage: 40%!","しょうりつ４０％！","Option","","","","","","","","","","","","unverified","https://wikimon.net/Starter_Ver._1","","","","Blue","Program","","","","","","St-59.jpg","Starter_Ver._1","","set_list_only",""
"St-60","Starter Ver. 1","Winning Percentage: 60%!","しょうりつ６０％！","Option","","","","","","","","","","","","unverified","https://wikimon.net/Starter_Ver._1","","","","Blue","Program","","","","","","St-60.jpg","Starter_Ver._1","","set_list_only",""
"St-61","Starter Ver. 2","War Greymon","ウォーグレイモン","Digimon","Ultimate","A","570","500","320","","","","","","","unverified","https://wikimon.net/Starter_Ver._2","Dragon Man","Vaccine","ME","Blue","","","","","","","St-61.jpg","Starter_Ver._2","","set_list_only",""
"St-62","Starter Ver. 2","Gottsumon","ゴツモン","Digimon","III","B","320","260","120","A","10","10","10","10","","passive_only","https://wikimon.net/St-62","Ore","Data","NSp","Blue","","Angry Rock","Abarenbou","Guard (A->0)","underground","","St-62.jpg","Starter_Ver._2","https://wikimon.net/St-62","individual_page_reviewed",""
"St-63","Starter Ver. 2","Kunemon","クネモン","Digimon","III","C","330","240","130","A","10","10","10","10","","passive_only","https://wikimon.net/St-63","Larva","Virus","NSp","Blue","","Electric Thread","Ijiwaru","Guard (A->0)","underground","","St-63.jpg","Starter_Ver._2","https://wikimon.net/St-63","individual_page_reviewed",""
"St-64","Starter Ver. 2","Hagurumon","ハグルモン","Digimon","III","C","360","240","130","A","10","10","10","10","","none","https://wikimon.net/St-64","Machine","Virus","ME","Blue","","Darkness Gear","Makikomi","Guard (A->0)","","","St-64.jpg","Starter_Ver._2","https://wikimon.net/St-64","individual_page_reviewed","English set table labels Mutant; Japanese table and individual card page say Machine"
"St-65","Starter Ver. 2","Kokuwamon","コクワモン","Digimon","III","B","350","260","150","A","10","10","10","10","","passive_only","https://wikimon.net/St-65","Machine","Data","ME","Blue","","Scissor Arms Mini","Stun Shock","Guard (A->0)","sky","","St-65.jpg","Starter_Ver._2","https://wikimon.net/St-65","individual_page_reviewed",""
"St-66","Starter Ver. 2","Kabuterimon","カブテリモン","Digimon","IV","A","440","350","190","","","","","","","unverified","https://wikimon.net/Starter_Ver._2","Insect","Vaccine","NSp","Blue","","","","","","","St-66.jpg","Starter_Ver._2","","set_list_only",""
"St-67","Starter Ver. 2","Angemon","エンジェモン","Digimon","IV","A","440","370","180","","","","","","","unverified","https://wikimon.net/Starter_Ver._2","Angel","Vaccine","WG","Blue","","","","","","","St-67.jpg","Starter_Ver._2","","set_list_only",""
"St-68","Starter Ver. 2","Rukamon","ルカモン","Digimon","IV","A","440","380","180","","","","","","","unverified","https://wikimon.net/Starter_Ver._2","Aquatic Mammal","Vaccine","DS","Blue","","","","","","","St-68.jpg","Starter_Ver._2","","set_list_only",""
"St-69","Starter Ver. 2","Zudomon","ズドモン","Digimon","Perfect","A","510","410","230","","","","","","","unverified","https://wikimon.net/Starter_Ver._2","Marine Animal","Vaccine","DS","Blue","","","","","","","St-69.jpg","Starter_Ver._2","","set_list_only",""
"St-70","Starter Ver. 2","Wizarmon","ウィザーモン","Digimon","IV","B","480","360","200","","","","","","","unverified","https://wikimon.net/Starter_Ver._2","Demon Man","Data","NSo","Blue","","","","","","","St-70.jpg","Starter_Ver._2","","set_list_only",""
"St-71","Starter Ver. 2","Death Meramon","デスメラモン","Digimon","Perfect","B","480","440","230","","","","","","","unverified","https://wikimon.net/Starter_Ver._2","Flame","Data","NSo","Blue","","","","","","","St-71.jpg","Starter_Ver._2","","set_list_only",""
"St-72","Starter Ver. 2","Leomon","レオモン","Digimon","IV","A","460","400","210","","","","","","","unverified","https://wikimon.net/Starter_Ver._2","Beast Man","Vaccine","NSp","Blue","","","","","","","St-72.jpg","Starter_Ver._2","","set_list_only",""
"St-73","Starter Ver. 2","Kuwagamon","クワガーモン","Digimon","IV","C","430","380","170","","","","","","","unverified","https://wikimon.net/Starter_Ver._2","Insect","Virus","NSp","Blue","","","","","","","St-73.jpg","Starter_Ver._2","","set_list_only",""
"St-74","Starter Ver. 2","Unimon","ユニモン","Digimon","IV","A","430","330","220","","","","","","","unverified","https://wikimon.net/Starter_Ver._2","Mythical Beast","Vaccine","WG","Blue","","","","","","","St-74.jpg","Starter_Ver._2","","set_list_only",""
"St-75","Starter Ver. 2","Centalmon","ケンタルモン","Digimon","IV","B","450","360","200","","","","","","","unverified","https://wikimon.net/Starter_Ver._2","Beast","Data","NSp","Blue","","","","","","","St-75.jpg","Starter_Ver._2","","set_list_only",""
"St-76","Starter Ver. 2","Devimon","デビモン","Digimon","IV","C","460","390","210","","","","","","","unverified","https://wikimon.net/Starter_Ver._2","Fallen Angel","Virus","NSo","Blue","","","","","","","St-76.jpg","Starter_Ver._2","","set_list_only",""
"St-77","Starter Ver. 2","Angewomon","エンジェウーモン","Digimon","Perfect","A","480","420","250","","","","","","","unverified","https://wikimon.net/Starter_Ver._2","Angel","Vaccine","WG","Blue","","","","","","","St-77.jpg","Starter_Ver._2","","set_list_only",""
"St-78","Starter Ver. 2","Andromon","アンドロモン","Digimon","Perfect","A","490","530","190","","","","","","","unverified","https://wikimon.net/Starter_Ver._2","Cyborg","Vaccine","ME","Blue","","","","","","","St-78.jpg","Starter_Ver._2","","set_list_only",""
"St-79","Starter Ver. 2","Okuwamon","オオクワモン","Digimon","Perfect","C","490","400","220","","","","","","","unverified","https://wikimon.net/Starter_Ver._2","Insect","Virus","NSp","Blue","","","","","","","St-79.jpg","Starter_Ver._2","","set_list_only",""
"St-80","Starter Ver. 2","Ice Devimon","アイスデビモン","Digimon","IV","C","470","360","200","","","","","","","unverified","https://wikimon.net/Starter_Ver._2","Fallen Angel","Virus","NSo","Blue","","","","","","","St-80.jpg","Starter_Ver._2","","set_list_only",""
"St-81","Starter Ver. 2","Tankmon","タンクモン","Digimon","IV","B","450","340","240","","","","","","","unverified","https://wikimon.net/Starter_Ver._2","Cyborg","Data","ME","Blue","","","","","","","St-81.jpg","Starter_Ver._2","","set_list_only",""
"St-82","Starter Ver. 2","Hangyomon","ハンギョモン","Digimon","Perfect","B","490","450","250","","","","","","","unverified","https://wikimon.net/Starter_Ver._2","Aquatic Beast Man","Data","DS","Blue","","","","","","","St-82.jpg","Starter_Ver._2","","set_list_only",""
"St-83","Starter Ver. 2","Waru Monzaemon","ワルもんざえモン","Digimon","Perfect","C","500","440","250","","","","","","","unverified","https://wikimon.net/Starter_Ver._2","Puppet","Virus","ME","Blue","","","","","","","St-83.jpg","Starter_Ver._2","","set_list_only",""
"St-84","Starter Ver. 2","Revolmon","リボルモン","Digimon","IV","A","400","310","190","","","","","","","unverified","https://wikimon.net/Starter_Ver._2","Mutant","Vaccine","ME","Blue","","","","","","","St-84.jpg","Starter_Ver._2","","set_list_only",""
"St-85","Starter Ver. 2","Birdramon","バードラモン","Digimon","IV","A","420","360","200","","","","","","","unverified","https://wikimon.net/Starter_Ver._2","Giant Bird","Vaccine","WG","Blue","","","","","","","St-85.jpg","Starter_Ver._2","","set_list_only",""
"St-86","Starter Ver. 2","Mechanorimon","メカノリモン","Digimon","IV","C","460","320","250","","","","","","","unverified","https://wikimon.net/Starter_Ver._2","Machine","Virus","ME","Blue","","","","","","","St-86.jpg","Starter_Ver._2","","set_list_only",""
"St-87","Starter Ver. 2","Plesiomon","プレシオモン","Digimon","Ultimate","B","550","480","330","","","","","","","unverified","https://wikimon.net/Starter_Ver._2","Plesiosaur","Data","DS","Blue","","","","","","","St-87.jpg","Starter_Ver._2","","set_list_only",""
"St-88","Starter Ver. 2","Garurumon","ガルルモン","Digimon","IV","A","420","360","180","","","","","","","unverified","https://wikimon.net/Starter_Ver._2","Beast","Data","NSo","Blue","","","","","","","St-88.jpg","Starter_Ver._2","","set_list_only",""
"St-89","Starter Ver. 2","Fugamon","フーガモン","Digimon","IV","C","430","390","170","","","","","","","unverified","https://wikimon.net/Starter_Ver._2","Oni","Virus","NSo","Blue","","","","","","","St-89.jpg","Starter_Ver._2","","set_list_only",""
"St-90","Starter Ver. 2","J Mojyamon","Ｊモジャモン","Digimon","IV","B","400","320","190","","","","","","","unverified","https://wikimon.net/Starter_Ver._2","Rare Animal","Data","NSp","Blue","","","","","","","St-90.jpg","Starter_Ver._2","","set_list_only",""
"St-91","Starter Ver. 2","Greymon","グレイモン","Digimon","IV","A","450","360","210","","","","","","","unverified","https://wikimon.net/Starter_Ver._2","Dinosaur","Vaccine","ME","Blue","","","","","","","St-91.jpg","Starter_Ver._2","","set_list_only",""
"St-92","Starter Ver. 2","Whamon Perfect","ホエーモン完全体","Digimon","Perfect","A","480","390","280","","","","","","","unverified","https://wikimon.net/Starter_Ver._2","Aquatic","Vaccine","DS","Blue","","","","","","","St-92.jpg","Starter_Ver._2","","set_list_only",""
"St-93","Starter Ver. 2","Big Mamemon","ビッグマメモン","Digimon","Perfect","B","470","450","280","","","","","","","unverified","https://wikimon.net/Starter_Ver._2","Mutant","Data","ME","Blue","","","","","","","St-93.jpg","Starter_Ver._2","","set_list_only",""
"St-94","Starter Ver. 2","Megadramon","メガドラモン","Digimon","Perfect","C","490","420","210","","","","","","","unverified","https://wikimon.net/Starter_Ver._2","Cyborg","Virus","ME","Blue","","","","","","","St-94.jpg","Starter_Ver._2","","set_list_only",""
"St-95","Starter Ver. 2","Panjyamon","パンジャモン","Digimon","Perfect","A","480","420","250","","","","","","","unverified","https://wikimon.net/Starter_Ver._2","Beast Man","Vaccine","NSp","Blue","","","","","","","St-95.jpg","Starter_Ver._2","","set_list_only",""
"St-96","Starter Ver. 2","Blue Meramon","ブルーメラモン","Digimon","Perfect","B","470","440","250","","","","","","","unverified","https://wikimon.net/Starter_Ver._2","Flame","Data","NSo","Blue","","","","","","","St-96.jpg","Starter_Ver._2","","set_list_only",""
"St-97","Starter Ver. 2","Venom Vamdemon","ヴェノムヴァンデモン","Digimon","Ultimate","C","570","500","320","","","","","","","unverified","https://wikimon.net/Starter_Ver._2","Demon Beast","Virus","NSo","Blue","","","","","","","St-97.jpg","Starter_Ver._2","","set_list_only",""
"St-98","Starter Ver. 2","Atlur Kabuterimon","アトラーカブテリモン","Digimon","Perfect","A","480","380","250","","","","","","","unverified","https://wikimon.net/Starter_Ver._2","Insect","Vaccine","NSp","Blue","","","","","","","St-98.jpg","Starter_Ver._2","","set_list_only",""
"St-99","Starter Ver. 2","Traimanual","トレーマニュアル","Option","","","","","","","","","","","","unverified","https://wikimon.net/Starter_Ver._2","","","","Blue","Item","","","","","","St-99.jpg","Starter_Ver._2","","set_list_only",""
"St-100","Starter Ver. 2","Super Evolution Plug-In S","超進化プラグインＳ","Option","","","","","","","","","","","","unverified","https://wikimon.net/Starter_Ver._2","","","","Blue","Item","","","","","","St-100.jpg","Starter_Ver._2","","set_list_only",""
"St-101","Starter Ver. 2","Winning Percentage: 40%!","しょうりつ４０％！","Option","","","","","","","","","","","","unverified","https://wikimon.net/Starter_Ver._2","","","","Blue","Program","","","","","","St-101.jpg","Starter_Ver._2","","set_list_only",""
"St-102","Starter Ver. 2","Winning Percentage: 60%!","しょうりつ６０％！","Option","","","","","","","","","","","","unverified","https://wikimon.net/Starter_Ver._2","","","","Blue","Program","","","","","","St-102.jpg","Starter_Ver._2","","set_list_only",""
"St-103","Starter Ver. 2","For Some Reason I'm Really Sad","なんだかとってもせつないの","Option","","","","","","","","","","","","unverified","https://wikimon.net/Starter_Ver._2","","","","Blue","Program","","","","","","St-103.jpg","Starter_Ver._2","","set_list_only",""
"St-104","Starter Ver. 2","Return Match!","リターンマッチだ！","Option","","","","","","","","","","","","unverified","https://wikimon.net/Starter_Ver._2","","","","Blue","Program","","","","","","St-104.jpg","Starter_Ver._2","","set_list_only",""
"St-105","Starter Ver. 2","Counter Attack!","カウンターアタック！","Option","","","","","","","","","","","","unverified","https://wikimon.net/Starter_Ver._2","","","","Blue","Program","","","","","","St-105.jpg","Starter_Ver._2","","set_list_only",""
"St-106","Starter Ver. 2","An Unquestionably Strong Attack!","問答無用のチカラ技！","Option","","","","","","","","","","","","unverified","https://wikimon.net/Starter_Ver._2","","","","Blue","Program","","","","","","St-106.jpg","Starter_Ver._2","","set_list_only",""
"St-107","Starter Ver. 2","Vaccines Are Our Rivals!","好敵手はワクチン！","Option","","","","","","","","","","","","unverified","https://wikimon.net/Starter_Ver._2","","","","Blue","Program","","","","","","St-107.jpg","Starter_Ver._2","","set_list_only",""
"St-108","Starter Ver. 2","Flying Is Wonderful!","飛べるってスバラしい！","Option","","","","","","","","","","","","unverified","https://wikimon.net/Starter_Ver._2","","","","Blue","Program","","","","","","St-108.jpg","Starter_Ver._2","","set_list_only",""
"St-109","Starter Ver. 2","I Can't Lose Like This!","このまま負けてなるものか！","Option","","","","","","","","","","","","unverified","https://wikimon.net/Starter_Ver._2","","","","Blue","Program","","","","","","St-109.jpg","Starter_Ver._2","","set_list_only",""
"St-110","Starter Ver. 2","I'll Pull You Down to the Bottom of the Ocean!!","水底に引きずり込め！！","Option","","","","","","","","","","","","unverified","https://wikimon.net/Starter_Ver._2","","","","Blue","Program","","","","","","St-110.jpg","Starter_Ver._2","","set_list_only",""
"St-111","Starter Ver. 2","Palmon","パルモン","Digimon","III","B","350","250","150","A","10","10","10","10","","none","https://wikimon.net/St-111","Plant","Data","WG","Blue","","Poison Ivy","Kusai Nioi","Guard (A->0)","","","St-111.jpg","Starter_Ver._2","https://wikimon.net/St-111","individual_page_reviewed",""
